City,Lat,Lng,Max Temp,Humidity,Cloudiness,Wind Speed,Country,Date,Current Description,Rain Inches (last 3 hrs),Snow Inches (last 3 hrs)
Klaksvik,62.23,-6.59,42.8,81,0,9.17,FO,2020-04-19 01-03:11,clear sky,0.0,0.0
Sampit,-2.53,112.95,75.36,98,100,0.89,ID,2020-04-19 01-01:07,moderate rain,4.39,0.0
Rikitea,-23.12,-134.97,77.49,69,21,6.42,PF,2020-04-19 01-03:18,few clouds,0.0,0.0
Tacarigua,10.09,-67.92,78.39,61,81,3.15,VE,2020-04-19 01-05:45,light rain,0.17,0.0
Bengkulu,-3.8,102.27,77.47,84,96,4.12,ID,2020-04-19 01-01:28,light rain,0.32,0.0
Lompoc,34.64,-120.46,59.0,62,90,12.75,US,2020-04-19 01-03:44,overcast clouds,0.0,0.0
Punta Arenas,-53.15,-70.92,46.4,65,40,19.46,CL,2020-04-19 01-03:11,scattered clouds,0.0,0.0
Busselton,-33.65,115.33,60.01,97,95,1.01,AU,2020-04-19 00-56:13,light rain,0.83,0.0
Qaanaaq,77.48,-69.36,21.69,88,100,19.26,GL,2020-04-19 01-02:24,overcast clouds,0.0,0.0
Ushuaia,-54.8,-68.3,48.2,57,40,10.29,AR,2020-04-19 01-03:11,scattered clouds,0.0,0.0
Vaini,-21.2,-175.2,82.4,69,40,12.75,TO,2020-04-19 00-58:45,scattered clouds,0.0,0.0
Hithadhoo,-0.6,73.08,83.73,74,97,11.12,MV,2020-04-19 01-02:27,overcast clouds,0.0,0.0
Bonwapitse,-23.08,26.7,63.81,59,3,12.06,BW,2020-04-19 01-05:50,clear sky,0.0,0.0
Fortuna,40.6,-124.16,57.99,71,90,8.05,US,2020-04-19 01-03:15,overcast clouds,0.0,0.0
Zaragoza,41.66,-0.88,59.0,87,75,2.24,ES,2020-04-19 01-05:51,light intensity shower rain,0.0,0.0
Portland,45.52,-122.68,54.0,76,90,6.93,US,2020-04-19 01-00:50,light rain,0.0,0.0
Santa Cruz,-17.8,-63.17,73.4,46,23,4.7,BO,2020-04-19 01-05:52,few clouds,0.0,0.0
Kapaa,22.08,-159.32,78.8,65,1,9.17,US,2020-04-19 01-03:19,clear sky,0.0,0.0
Albany,42.6,-73.97,43.0,46,57,1.01,US,2020-04-19 01-02:27,broken clouds,0.0,0.0
Areosa,41.72,-8.86,54.0,100,20,5.64,PT,2020-04-19 01-05:53,few clouds,0.0,0.0
Boa Vista,2.82,-60.67,77.0,73,75,13.87,BR,2020-04-19 01-05:54,thunderstorm,0.0,0.0
Te Anau,-45.42,167.72,47.91,71,95,9.75,NZ,2020-04-19 01-01:14,light rain,1.11,0.0
Muroto,33.28,134.15,64.4,45,75,11.41,JP,2020-04-19 01-04:02,broken clouds,0.0,0.0
Lagoa,39.05,-27.98,62.29,84,100,18.88,PT,2020-04-19 01-03:24,light rain,0.88,0.0
Sao Joao Da Barra,-21.64,-41.05,71.96,81,96,8.16,BR,2020-04-19 01-01:35,overcast clouds,0.0,0.0
Cape Town,-33.93,18.42,60.8,72,77,2.24,ZA,2020-04-19 01-03:16,broken clouds,0.0,0.0
Alpine,32.84,-116.77,62.6,63,90,11.41,US,2020-04-19 01-05:57,overcast clouds,0.0,0.0
Ponta Do Sol,32.67,-17.1,57.0,63,18,1.01,PT,2020-04-19 01-03:35,few clouds,0.0,0.0
Cabo San Lucas,22.89,-109.91,75.0,64,5,14.99,MX,2020-04-19 01-00:00,clear sky,0.0,0.0
Sitka,57.05,-135.33,53.6,71,20,4.7,US,2020-04-19 01-03:53,few clouds,0.0,0.0
Dikson,73.51,80.55,35.26,88,100,19.15,RU,2020-04-19 01-03:31,overcast clouds,0.0,0.0
Andenes,69.31,16.12,39.2,100,99,19.46,NO,2020-04-19 01-05:59,light rain,0.11,0.0
Atuona,-9.8,-139.03,82.17,71,94,17.22,PF,2020-04-19 01-03:22,overcast clouds,0.0,0.0
Ust-Tsilma,65.44,52.15,34.39,95,100,2.06,RU,2020-04-19 01-06:00,light snow,0.0,0.27
Nova Olimpia,-14.8,-57.29,71.74,83,82,1.34,BR,2020-04-19 01-06:00,broken clouds,0.0,0.0
Det Udom,14.91,105.08,89.01,78,47,5.55,TH,2020-04-19 01-06:01,scattered clouds,0.0,0.0
Kodiak,57.79,-152.41,46.4,75,40,9.17,US,2020-04-19 01-00:31,scattered clouds,0.0,0.0
Kasongo-Lunda,-6.47,16.82,69.21,79,100,0.67,CD,2020-04-19 01-02:06,overcast clouds,0.0,0.0
Kendari,-3.94,122.5,80.73,88,97,2.33,ID,2020-04-19 01-04:06,light rain,1.96,0.0
Tasiilaq,65.61,-37.64,30.2,92,100,20.8,GL,2020-04-19 01-03:20,light snow,0.0,0.51
Hermanus,-34.42,19.23,64.99,59,94,1.99,ZA,2020-04-19 01-00:21,overcast clouds,0.0,0.0
Faanui,-16.48,-151.75,82.87,74,91,10.18,PF,2020-04-19 01-03:20,light rain,2.31,0.0
Ngunguru,-35.62,174.5,69.01,78,97,4.0,NZ,2020-04-19 01-02:39,overcast clouds,0.0,0.0
Castro,-24.79,-50.01,55.98,71,55,5.68,BR,2020-04-19 01-00:55,broken clouds,0.0,0.0
Torbay,47.67,-52.73,30.99,63,5,9.17,CA,2020-04-19 01-03:54,clear sky,0.0,0.0
Zharkent,44.16,80.0,52.05,34,0,5.84,KZ,2020-04-19 01-06:07,clear sky,0.0,0.0
Thompson,55.74,-97.86,17.6,37,20,8.05,CA,2020-04-19 01-03:16,few clouds,0.0,0.0
Longyearbyen,78.22,15.64,28.4,86,74,2.24,SJ,2020-04-19 01-01:46,broken clouds,0.0,0.0
Coihaique,-45.58,-72.07,44.6,93,90,8.05,CL,2020-04-19 01-02:52,light rain,0.0,0.0
New Norfolk,-42.78,147.06,57.99,79,79,2.19,AU,2020-04-19 01-03:22,broken clouds,0.0,0.0
Vao,-22.67,167.48,76.46,68,48,9.55,NC,2020-04-19 01-02:27,scattered clouds,0.0,0.0
Prince Rupert,54.32,-130.32,53.6,60,1,4.7,CA,2020-04-19 01-06:10,clear sky,0.0,0.0
Westport,41.14,-73.36,42.8,75,90,6.93,US,2020-04-19 01-03:59,overcast clouds,0.0,0.0
Port Elizabeth,-33.92,25.57,59.0,100,0,3.36,ZA,2020-04-19 01-03:20,clear sky,0.0,0.0
Kuliyapitiya,7.47,80.04,77.0,100,20,2.24,LK,2020-04-19 01-06:11,few clouds,0.0,0.0
Hilo,19.73,-155.09,82.4,54,20,10.29,US,2020-04-19 00-59:05,few clouds,0.0,0.0
Merke,42.87,73.18,48.31,37,0,3.02,KZ,2020-04-19 01-06:12,clear sky,0.0,0.0
Saint-Philippe,-21.36,55.77,77.0,83,18,18.34,RE,2020-04-19 01-03:25,light rain,0.78,0.0
Barrow,71.29,-156.79,8.6,71,1,13.87,US,2020-04-19 01-01:36,clear sky,0.0,0.0
Quatre Cocos,-20.21,57.76,75.0,85,34,5.99,MU,2020-04-19 01-03:42,scattered clouds,0.0,0.0
Poum,-20.23,164.02,78.91,76,41,12.77,NC,2020-04-19 01-04:04,scattered clouds,0.0,0.0
Cruzeiro Do Sul,-29.51,-51.99,61.0,91,0,1.48,BR,2020-04-19 01-06:14,clear sky,0.0,0.0
Baldone,56.74,24.39,36.0,86,40,3.36,LV,2020-04-19 01-06:15,scattered clouds,0.0,0.0
Wajima,37.4,136.9,51.8,81,75,5.82,JP,2020-04-19 01-06:16,broken clouds,0.0,0.0
Saskylakh,71.92,114.08,13.57,85,0,5.3,RU,2020-04-19 01-03:17,clear sky,0.0,0.0
Grand Gaube,-20.01,57.66,75.0,85,29,5.01,MU,2020-04-19 01-04:25,light rain,0.0,0.0
Maragogi,-9.01,-35.22,80.11,80,100,4.61,BR,2020-04-19 01-06:17,light rain,1.01,0.0
Ilulissat,69.22,-51.1,24.8,68,100,18.34,GL,2020-04-19 01-01:27,light snow,0.0,0.0
Murchison,-41.8,172.33,52.56,69,82,8.41,NZ,2020-04-19 01-06:18,light rain,1.79,0.0
Batagay,67.63,134.63,0.93,84,58,2.77,RU,2020-04-19 01-06:19,broken clouds,0.0,0.0
Avarua,-21.21,-159.78,82.4,69,70,6.93,CK,2020-04-19 01-01:01,broken clouds,0.0,0.0
Ponta Delgada,37.73,-25.67,62.6,93,75,12.75,PT,2020-04-19 01-06:20,broken clouds,0.0,0.0
Chuy,-33.7,-53.46,64.33,86,10,9.44,UY,2020-04-19 01-01:26,clear sky,0.0,0.0
Nanortalik,60.14,-45.24,28.76,92,89,5.21,GL,2020-04-19 01-04:09,light snow,0.0,0.28
Ibra,22.69,58.53,76.39,41,39,2.15,OM,2020-04-19 01-06:21,scattered clouds,0.0,0.0
Mayo,38.89,-76.51,48.2,45,1,5.82,US,2020-04-19 01-03:38,clear sky,0.0,0.0
Igarka,67.47,86.58,35.58,85,100,21.92,RU,2020-04-19 01-06:23,overcast clouds,0.0,0.0
Neka,36.65,53.3,53.6,100,90,2.24,IR,2020-04-19 01-06:23,fog,0.0,0.0
Hasaki,35.73,140.83,66.0,45,20,11.41,JP,2020-04-19 01-01:46,few clouds,0.0,0.0
Iralaya,15.0,-83.23,82.4,78,20,4.7,HN,2020-04-19 01-03:19,few clouds,0.0,0.0
Avera,33.19,-82.53,66.2,39,1,4.7,US,2020-04-19 01-00:31,clear sky,0.0,0.0
Pevek,69.7,170.31,2.86,92,48,6.89,RU,2020-04-19 01-03:23,scattered clouds,0.0,0.0
Hobart,-42.88,147.33,57.99,71,75,5.82,AU,2020-04-19 00-58:43,broken clouds,0.0,0.0
Namatanai,-3.67,152.43,83.41,75,95,7.99,PG,2020-04-19 01-03:59,light rain,2.52,0.0
Leh,34.17,77.58,31.32,20,84,3.44,IN,2020-04-19 01-06:27,broken clouds,0.0,0.0
Inongo,-1.95,18.27,72.27,90,99,2.84,CD,2020-04-19 01-06:28,light rain,1.6,0.0
Menongue,-14.66,17.69,62.87,60,94,3.53,AO,2020-04-19 01-06:29,overcast clouds,0.0,0.0
Cockburn Town,21.46,-71.14,78.6,81,42,14.81,TC,2020-04-19 00-58:56,scattered clouds,0.0,0.0
Dunedin,-45.87,170.5,59.0,42,72,13.0,NZ,2020-04-19 01-00:13,light rain,0.11,0.0
Mataura,-46.19,168.86,55.99,64,67,10.0,NZ,2020-04-19 01-00:24,broken clouds,0.0,0.0
Bredasdorp,-34.53,20.04,46.4,93,55,3.36,ZA,2020-04-19 01-03:12,broken clouds,0.0,0.0
Clyde River,70.47,-68.59,8.6,84,90,10.29,CA,2020-04-19 01-00:23,light snow,0.0,0.0
Northam,51.03,-4.22,51.01,95,63,1.01,GB,2020-04-19 01-06:34,broken clouds,0.0,0.0
Bethel,41.37,-73.41,39.2,64,1,6.31,US,2020-04-19 01-03:15,clear sky,0.0,0.0
Sosva,59.18,61.86,33.8,88,28,8.34,RU,2020-04-19 01-06:36,scattered clouds,0.0,0.0
Port Alfred,-33.59,26.89,62.01,87,0,5.01,ZA,2020-04-19 01-03:24,clear sky,0.0,0.0
Pavlovsk,50.46,40.11,37.26,74,11,4.9,RU,2020-04-19 01-06:38,few clouds,0.0,0.0
Dhidhdhoo,6.88,73.1,86.45,70,27,10.54,MV,2020-04-19 01-06:42,scattered clouds,0.0,0.0
Burnie,-41.07,145.92,57.0,66,79,5.99,AU,2020-04-19 00-58:46,broken clouds,0.0,0.0
Leningradskiy,69.38,178.42,6.51,87,15,9.44,RU,2020-04-19 01-03:33,few clouds,0.0,0.0
Ramshir,30.89,49.41,71.6,56,40,9.17,IR,2020-04-19 01-06:44,scattered clouds,0.0,0.0
Codrington,-38.27,141.97,56.35,75,55,10.51,AU,2020-04-19 01-03:34,broken clouds,0.0,0.0
Rudbar,30.15,62.6,70.81,33,90,5.1,AF,2020-04-19 01-06:46,light rain,0.27,0.0
Camacha,33.08,-16.33,60.8,77,20,9.17,PT,2020-04-19 01-01:43,few clouds,0.0,0.0
Imbituba,-28.24,-48.67,68.0,77,20,2.24,BR,2020-04-19 01-06:47,few clouds,0.0,0.0
Tuktoyaktuk,69.45,-133.04,10.4,85,75,11.41,CA,2020-04-19 01-02:28,broken clouds,0.0,0.0
Faya,18.39,42.45,62.6,87,20,3.18,SA,2020-04-19 01-03:51,few clouds,0.0,0.0
Chokurdakh,70.63,147.92,0.03,89,100,10.31,RU,2020-04-19 01-00:23,overcast clouds,0.0,0.0
Hamilton,39.18,-84.53,50.0,46,1,8.05,US,2020-04-19 01-00:17,clear sky,0.0,0.0
Bardstown,37.81,-85.47,48.99,67,1,4.99,US,2020-04-19 01-06:49,clear sky,0.0,0.0
Rizhao,35.43,119.46,49.71,89,100,8.93,CN,2020-04-19 01-06:50,light rain,2.58,0.0
Nairobi,-1.28,36.82,60.8,100,75,5.82,KE,2020-04-19 01-06:25,broken clouds,0.0,0.0
Cidreira,-30.18,-50.21,67.68,82,0,12.75,BR,2020-04-19 01-00:16,clear sky,0.0,0.0
Havre-Saint-Pierre,50.23,-63.6,32.0,93,1,12.75,CA,2020-04-19 01-06:51,clear sky,0.0,0.0
Flinders,-34.58,150.86,70.0,65,73,3.0,AU,2020-04-19 01-03:47,light rain,0.25,0.0
Rawah,34.48,41.91,71.73,32,1,4.07,IQ,2020-04-19 01-06:52,clear sky,0.0,0.0
Severiano Melo,-5.78,-37.96,76.15,81,63,4.38,BR,2020-04-19 01-06:53,broken clouds,0.0,0.0
Salym,60.06,71.48,42.94,84,99,7.76,RU,2020-04-19 01-03:45,overcast clouds,0.0,0.0
Limoux,42.92,2.17,57.2,93,90,13.87,FR,2020-04-19 01-06:54,overcast clouds,0.0,0.0
Labuhan,-6.88,112.21,80.65,82,82,3.74,ID,2020-04-19 01-03:45,light rain,0.3,0.0
Sabha,27.04,14.43,76.71,16,0,17.11,LY,2020-04-19 01-06:55,clear sky,0.0,0.0
Kiunga,-6.12,141.29,79.0,88,99,1.21,PG,2020-04-19 01-06:55,overcast clouds,0.0,0.0
Jamestown,42.1,-79.24,43.0,55,1,6.93,US,2020-04-19 01-03:21,clear sky,0.0,0.0
Teguise,29.06,-13.56,64.4,77,40,9.17,ES,2020-04-19 01-06:57,light rain,0.0,0.0
Wanning,18.8,110.4,78.26,83,3,9.95,CN,2020-04-19 01-03:53,clear sky,0.0,0.0
Longyan,25.11,117.02,72.5,71,80,3.24,CN,2020-04-19 01-06:58,broken clouds,0.0,0.0
Naivasha,-0.72,36.44,55.0,95,100,1.77,KE,2020-04-19 01-06:59,moderate rain,3.23,0.0
Kuchera,26.98,73.97,76.98,36,80,6.62,IN,2020-04-19 01-07:00,broken clouds,0.0,0.0
Lebu,-37.62,-73.65,54.91,90,57,1.86,CL,2020-04-19 00-59:52,broken clouds,0.0,0.0
San Blas,21.52,-105.27,80.6,42,75,9.17,MX,2020-04-19 01-07:01,broken clouds,0.0,0.0
Jingdezhen,29.29,117.21,60.26,91,97,7.36,CN,2020-04-19 01-05:13,light rain,2.98,0.0
Garachine,8.06,-78.36,80.26,80,67,2.1,PA,2020-04-19 01-07:02,light rain,0.46,0.0
Airai,-8.93,125.41,68.7,49,47,3.65,TL,2020-04-19 01-03:50,scattered clouds,0.0,0.0
Mahebourg,-20.41,57.7,75.0,85,34,5.99,MU,2020-04-19 01-01:21,scattered clouds,0.0,0.0
Jurmala,56.97,23.77,34.0,86,40,3.36,LV,2020-04-19 01-07:05,scattered clouds,0.0,0.0
Whitecourt,54.15,-115.69,48.2,31,5,5.82,CA,2020-04-19 01-07:06,clear sky,0.0,0.0
Anadyr,64.75,177.48,15.8,85,90,35.79,RU,2020-04-19 01-03:21,snow,0.0,0.0
East London,-33.02,27.91,69.13,67,0,16.78,ZA,2020-04-19 01-03:18,clear sky,0.0,0.0
Provideniya,64.38,-173.3,23.2,96,100,13.89,RU,2020-04-19 01-03:04,light snow,0.0,0.93
Mount Gambier,-37.83,140.77,53.6,93,90,5.82,AU,2020-04-19 01-02:06,overcast clouds,0.0,0.0
New Amsterdam,6.25,-57.52,78.87,82,37,8.41,GY,2020-04-19 01-07:08,scattered clouds,0.0,0.0
Yulara,-25.24,130.99,75.2,31,25,9.17,AU,2020-04-19 01-04:07,scattered clouds,0.0,0.0
Altay,47.87,88.12,46.24,36,95,3.6,CN,2020-04-19 01-07:09,overcast clouds,0.0,0.0
Gravdal,68.12,13.5,40.57,92,93,11.59,NO,2020-04-19 01-07:11,overcast clouds,0.0,0.0
Iqaluit,63.75,-68.51,1.4,64,20,5.82,CA,2020-04-19 01-00:53,few clouds,0.0,0.0
Biak,-0.91,122.88,81.9,73,29,0.98,ID,2020-04-19 01-03:52,light rain,0.51,0.0
Puerto Ayora,-0.74,-90.35,82.4,74,75,9.17,EC,2020-04-19 01-01:51,broken clouds,0.0,0.0
Rio Grande,-32.03,-52.1,64.99,91,0,11.3,BR,2020-04-19 01-00:06,clear sky,0.0,0.0
Tura,25.52,90.22,65.77,79,12,1.36,IN,2020-04-19 01-07:14,light rain,0.68,0.0
Mariental,-24.63,17.97,77.05,23,53,6.64,NA,2020-04-19 01-07:14,broken clouds,0.0,0.0
Ribeira Grande,38.52,-28.7,61.93,85,100,16.91,PT,2020-04-19 01-00:54,light rain,0.72,0.0
Khryashchevka,53.81,49.09,33.8,81,7,11.18,RU,2020-04-19 01-03:32,clear sky,0.0,0.0
Butaritari,3.07,172.79,83.46,77,97,18.12,KI,2020-04-19 01-03:11,light rain,1.57,0.0
Kavieng,-2.57,150.8,83.07,74,98,4.45,PG,2020-04-19 01-03:22,light rain,1.09,0.0
Bilibino,68.05,166.44,7.61,79,64,5.95,RU,2020-04-19 01-01:47,broken clouds,0.0,0.0
Sao Filipe,14.9,-24.5,71.13,72,28,19.19,CV,2020-04-19 01-03:29,scattered clouds,0.0,0.0
Hovd,48.01,91.64,34.79,40,0,3.02,MN,2020-04-19 01-07:19,clear sky,0.0,0.0
Alim,9.56,122.49,84.87,68,0,13.38,PH,2020-04-19 01-07:20,clear sky,0.0,0.0
Hvide Sande,56.0,8.13,36.0,72,0,11.39,DK,2020-04-19 01-07:20,clear sky,0.0,0.0
Severo-Kurilsk,50.68,156.12,34.65,89,29,14.27,RU,2020-04-19 01-03:31,scattered clouds,0.0,0.0
Oyama,36.3,139.8,64.0,41,55,11.97,JP,2020-04-19 01-07:21,broken clouds,0.0,0.0
Geraldton,-28.77,114.6,69.8,94,75,6.93,AU,2020-04-19 01-04:00,broken clouds,0.0,0.0
Larap,14.3,122.65,81.73,78,62,9.19,PH,2020-04-19 01-07:22,broken clouds,0.0,0.0
Ahipara,-35.17,173.17,67.24,74,93,8.86,NZ,2020-04-19 01-07:23,overcast clouds,0.0,0.0
Arlit,18.74,7.39,83.7,12,0,7.34,NE,2020-04-19 01-04:02,clear sky,0.0,0.0
San Pedro,14.35,121.02,89.01,70,40,6.93,PH,2020-04-19 01-05:20,scattered clouds,0.0,0.0
Saint George,37.1,-113.58,68.0,32,40,12.75,US,2020-04-19 00-58:17,scattered clouds,0.0,0.0
Khatanga,71.97,102.5,14.09,94,0,4.61,RU,2020-04-19 01-00:42,clear sky,0.0,0.0
Santa Rosalia,27.32,-112.28,75.58,31,3,3.15,MX,2020-04-19 01-07:26,clear sky,0.0,0.0
Madang,-5.22,145.8,81.19,77,100,3.51,PG,2020-04-19 01-07:27,light rain,0.31,0.0
Antalaha,-14.9,50.28,75.49,82,66,13.09,MG,2020-04-19 01-04:06,light rain,0.26,0.0
Anchorage,61.22,-149.9,51.8,62,90,6.93,US,2020-04-19 01-06:00,overcast clouds,0.0,0.0
San Quintin,30.48,-115.95,62.46,67,10,18.43,MX,2020-04-19 01-07:28,clear sky,0.0,0.0
Esil,51.96,66.4,49.51,69,98,10.13,KZ,2020-04-19 01-07:29,overcast clouds,0.0,0.0
Campbellsville,37.34,-85.34,50.0,67,1,3.36,US,2020-04-19 01-07:29,clear sky,0.0,0.0
Mar Del Plata,-38.0,-57.56,64.99,88,24,9.17,AR,2020-04-19 00-59:41,few clouds,0.0,0.0
Yumen,40.28,97.2,50.07,24,89,15.01,CN,2020-04-19 01-07:30,overcast clouds,0.0,0.0
Atambua,-9.11,124.89,78.22,66,56,1.36,ID,2020-04-19 01-07:31,broken clouds,0.0,0.0
Port Hardy,50.7,-127.42,57.2,67,20,12.75,CA,2020-04-19 01-01:25,few clouds,0.0,0.0
Umm Lajj,25.02,37.27,71.06,55,62,6.69,SA,2020-04-19 01-07:32,broken clouds,0.0,0.0
Ocampo,21.65,-101.5,76.64,15,51,11.83,MX,2020-04-19 01-07:32,broken clouds,0.0,0.0
Dawson Creek,55.77,-120.24,55.4,26,1,5.82,CA,2020-04-19 01-07:33,clear sky,0.0,0.0
Impfondo,1.64,18.07,70.11,84,18,0.98,CG,2020-04-19 01-07:33,few clouds,0.0,0.0
Laguna De Perlas,12.34,-83.67,80.89,74,8,9.17,NI,2020-04-19 01-07:36,clear sky,0.0,0.0
Upernavik,72.79,-56.15,22.95,90,99,14.5,GL,2020-04-19 01-01:06,overcast clouds,0.0,0.0
Kununurra,-15.77,128.73,89.6,59,68,3.36,AU,2020-04-19 01-07:37,broken clouds,0.0,0.0
Durban,-29.86,31.03,69.8,88,75,6.93,ZA,2020-04-19 01-06:02,broken clouds,0.0,0.0
Sarandi,-23.44,-51.87,62.44,67,9,5.23,BR,2020-04-19 01-07:38,clear sky,0.0,0.0
Hofn,64.25,-15.21,45.39,88,99,14.23,IS,2020-04-19 01-02:27,light rain,0.38,0.0
Meulaboh,4.14,96.13,78.93,83,80,5.32,ID,2020-04-19 01-07:39,light rain,0.33,0.0
Smithers,54.78,-127.17,60.8,36,20,4.7,CA,2020-04-19 01-07:39,few clouds,0.0,0.0
Nikolskoye,59.7,30.79,37.4,92,90,11.18,RU,2020-04-19 01-00:38,light intensity shower rain,0.0,0.0
San Marcos,33.14,-117.17,64.4,67,75,8.05,US,2020-04-19 01-07:40,broken clouds,0.0,0.0
Coquimbo,-29.95,-71.34,59.0,87,75,4.7,CL,2020-04-19 01-07:41,broken clouds,0.0,0.0
Bambous Virieux,-20.34,57.76,75.0,85,30,5.99,MU,2020-04-19 01-03:24,scattered clouds,0.0,0.0
Necochea,-38.55,-58.74,64.99,78,38,13.0,AR,2020-04-19 01-06:08,scattered clouds,0.0,0.0
Lakatoro,-16.1,167.42,86.0,74,75,6.93,VU,2020-04-19 01-07:42,broken clouds,0.0,0.0
Abnub,27.27,31.15,62.6,63,0,11.41,EG,2020-04-19 01-04:57,clear sky,0.0,0.0
Dingle,11.0,122.67,83.3,71,13,11.9,PH,2020-04-19 01-04:02,light rain,0.13,0.0
Constitucion,-35.33,-72.42,59.36,92,69,11.05,CL,2020-04-19 01-01:48,broken clouds,0.0,0.0
Parabel,58.7,81.48,38.93,79,95,12.08,RU,2020-04-19 01-07:45,overcast clouds,0.0,0.0
Huarmey,-10.07,-78.15,72.7,76,33,7.67,PE,2020-04-19 01-04:00,scattered clouds,0.0,0.0
Vila,42.03,-8.16,48.2,100,90,3.36,PT,2020-04-19 01-07:47,fog,0.0,0.0
Roald,62.58,6.13,37.4,93,7,4.7,NO,2020-04-19 01-05:31,clear sky,0.0,0.0
Bluff,-46.6,168.33,55.99,64,98,10.0,NZ,2020-04-19 01-03:19,light rain,0.11,0.0
Sola,-13.88,167.55,87.8,74,75,4.7,VU,2020-04-19 01-03:49,broken clouds,0.0,0.0
Ulaanbaatar,47.91,106.88,30.2,63,40,20.13,MN,2020-04-19 01-03:15,scattered clouds,0.0,0.0
Tupik,54.43,119.93,17.78,84,99,16.46,RU,2020-04-19 01-07:50,overcast clouds,0.0,0.0
Daru,-9.08,143.21,84.15,73,47,7.81,PG,2020-04-19 01-07:50,scattered clouds,0.0,0.0
Alta Floresta,-9.88,-56.09,73.11,87,54,4.29,BR,2020-04-19 01-07:51,light rain,1.3,0.0
Uyuni,-20.46,-66.83,49.66,13,40,2.68,BO,2020-04-19 01-07:51,scattered clouds,0.0,0.0
Yellowknife,62.46,-114.35,28.4,92,90,6.93,CA,2020-04-19 00-57:37,light snow,0.0,0.0
Matagami,49.75,-77.63,42.8,45,90,20.8,CA,2020-04-19 01-07:52,overcast clouds,0.0,0.0
Porto Da Folha,-9.92,-37.28,76.73,86,100,5.88,BR,2020-04-19 01-07:53,light rain,1.97,0.0
San Carlos De Bariloche,-41.15,-71.31,53.6,62,40,26.4,AR,2020-04-19 01-07:53,scattered clouds,0.0,0.0
Kashi,39.45,75.98,48.2,70,20,4.47,CN,2020-04-19 01-07:54,few clouds,0.0,0.0
Mayaky,47.44,29.56,45.12,50,81,3.27,UA,2020-04-19 01-07:54,broken clouds,0.0,0.0
Qui Nhon,13.77,109.23,78.75,82,45,5.14,VN,2020-04-19 01-06:29,scattered clouds,0.0,0.0
Victoria,22.29,114.16,79.0,74,76,4.0,HK,2020-04-19 01-00:03,broken clouds,0.0,0.0
Mercedes,-34.65,-59.43,64.0,81,0,1.01,AR,2020-04-19 01-07:55,clear sky,0.0,0.0
Olga,43.74,135.29,47.12,54,7,4.29,RU,2020-04-19 01-04:08,clear sky,0.0,0.0
Mao,39.89,4.27,62.6,93,100,12.75,ES,2020-04-19 01-07:57,light rain,0.0,0.0
Cherskiy,68.75,161.3,7.61,89,40,9.91,RU,2020-04-19 01-03:40,scattered clouds,0.0,0.0
Tautira,-17.73,-149.15,87.8,70,84,9.17,PF,2020-04-19 01-01:13,light rain,0.56,0.0
Taoudenni,22.68,-3.98,77.38,55,38,17.31,ML,2020-04-19 01-03:38,scattered clouds,0.0,0.0
Kavaratti,10.57,72.64,84.6,71,9,5.79,IN,2020-04-19 01-03:25,clear sky,0.0,0.0
Quang Ngai,15.12,108.8,78.03,84,36,7.81,VN,2020-04-19 01-08:00,scattered clouds,0.0,0.0
Santo Tomas,14.11,121.14,89.01,70,40,6.93,PH,2020-04-19 01-08:00,scattered clouds,0.0,0.0
Lethem,3.38,-59.8,86.43,45,6,2.75,GY,2020-04-19 01-08:01,light rain,0.37,0.0
Vostok,46.49,135.88,50.99,42,21,4.74,RU,2020-04-19 01-08:01,few clouds,0.0,0.0
Alice Springs,-23.7,133.88,77.0,29,13,8.05,AU,2020-04-19 01-00:39,few clouds,0.0,0.0
Hudson Bay,52.85,-102.38,29.28,84,100,9.86,CA,2020-04-19 01-04:04,light snow,0.0,0.3
Pumiao,22.75,108.48,75.2,88,75,4.47,CN,2020-04-19 01-08:02,broken clouds,0.0,0.0
Tessalit,20.2,1.01,84.18,12,8,8.01,ML,2020-04-19 01-08:03,clear sky,0.0,0.0
Cascais,38.7,-9.42,59.0,87,3,13.96,PT,2020-04-19 01-08:04,clear sky,0.0,0.0
Fairbanks,64.84,-147.72,44.6,100,90,2.01,US,2020-04-19 01-00:29,overcast clouds,0.0,0.0
Beringovskiy,63.05,179.32,20.89,96,100,17.2,RU,2020-04-19 01-03:46,light snow,0.0,0.76
Makuyuni,-4.73,38.1,69.94,79,100,3.04,TZ,2020-04-19 01-08:06,light rain,1.61,0.0
Rio Casca,-20.23,-42.65,67.68,77,92,2.73,BR,2020-04-19 01-08:06,light rain,0.11,0.0
Diffa,13.32,12.61,83.34,12,26,10.4,NE,2020-04-19 01-08:07,scattered clouds,0.0,0.0
Srandakan,-7.94,110.25,80.02,79,86,3.76,ID,2020-04-19 01-08:07,light rain,0.12,0.0
Port Keats,-14.25,129.55,86.14,70,24,6.13,AU,2020-04-19 01-08:08,light rain,0.43,0.0
Petropavlovsk-Kamchatskiy,53.05,158.65,44.6,45,20,22.37,RU,2020-04-19 01-01:43,few clouds,0.0,0.0
Novobiryusinskiy,56.96,97.71,27.88,88,0,6.29,RU,2020-04-19 01-08:09,clear sky,0.0,0.0
Roma,43.21,-75.46,39.2,44,1,5.82,US,2020-04-19 01-08:09,clear sky,0.0,0.0
Colares,38.8,-9.45,59.0,87,1,13.85,PT,2020-04-19 01-05:40,clear sky,0.0,0.0
Georgetown,5.41,100.34,84.2,94,20,3.36,MY,2020-04-19 01-03:19,few clouds,0.0,0.0
Porto Velho,-8.76,-63.9,78.8,74,40,4.7,BR,2020-04-19 01-07:16,scattered clouds,0.0,0.0
Manjeshwar,12.72,74.89,80.6,78,20,4.7,IN,2020-04-19 01-04:17,few clouds,0.0,0.0
Columbia,34.0,-81.03,71.6,26,1,6.29,US,2020-04-19 01-03:19,clear sky,0.0,0.0
Eenhana,-17.47,16.33,69.8,73,98,5.82,NA,2020-04-19 01-08:12,light rain,0.21,0.0
Los Llanos De Aridane,28.66,-17.92,64.4,68,4,8.05,ES,2020-04-19 01-01:44,clear sky,0.0,0.0
Gao,16.64,1.64,84.92,11,45,7.85,ML,2020-04-19 01-03:29,scattered clouds,0.0,0.0
Dorogobuzh,54.91,33.3,33.76,89,96,6.8,RU,2020-04-19 01-08:14,overcast clouds,0.0,0.0
Amurzet,47.7,131.1,57.07,40,66,7.78,RU,2020-04-19 01-08:14,broken clouds,0.0,0.0
Ovre Ardal,61.32,7.8,28.92,72,5,1.48,NO,2020-04-19 01-08:15,clear sky,0.0,0.0
Edd,13.93,41.69,86.0,55,100,12.82,ER,2020-04-19 01-04:07,light rain,1.17,0.0
Carnarvon,-24.87,113.63,75.2,78,89,9.17,AU,2020-04-19 01-03:32,overcast clouds,0.0,0.0
Nangomba,-10.9,38.5,69.13,90,90,3.8,TZ,2020-04-19 01-08:16,light rain,0.5,0.0
Muhos,64.81,25.99,33.8,86,24,5.82,FI,2020-04-19 01-08:17,few clouds,0.0,0.0
Makakilo City,21.35,-158.09,82.4,54,1,13.87,US,2020-04-19 01-01:12,clear sky,0.0,0.0
Chabahar,25.29,60.64,77.0,72,39,5.35,IR,2020-04-19 01-08:18,scattered clouds,0.0,0.0
Nelson Bay,-32.72,152.15,71.01,59,12,5.82,AU,2020-04-19 01-05:07,light rain,0.29,0.0
Darab,28.75,54.54,62.51,40,76,2.01,IR,2020-04-19 01-07:07,broken clouds,0.0,0.0
Esna,25.29,32.55,68.0,60,0,7.2,EG,2020-04-19 01-06:04,clear sky,0.0,0.0
Andapa,-14.65,49.65,65.55,78,62,3.2,MG,2020-04-19 01-08:19,broken clouds,0.0,0.0
Dwarka,22.24,68.97,79.92,82,22,12.93,IN,2020-04-19 01-03:32,few clouds,0.0,0.0
Boquira,-12.82,-42.73,70.45,77,100,2.93,BR,2020-04-19 01-08:21,moderate rain,3.44,0.0
Nome,64.5,-165.41,34.0,100,90,6.93,US,2020-04-19 01-03:32,overcast clouds,0.0,0.0
Remedios,22.49,-79.55,82.4,69,40,9.17,CU,2020-04-19 01-08:22,scattered clouds,0.0,0.0
Shaowu,27.34,117.48,73.94,75,80,3.22,CN,2020-04-19 01-08:22,light rain,2.6,0.0
Talnakh,69.49,88.4,35.6,74,100,35.79,RU,2020-04-19 00-58:56,overcast clouds,0.0,0.0
Talakan,50.32,130.37,56.59,33,100,15.39,RU,2020-04-19 01-08:23,overcast clouds,0.0,0.0
Sinop,41.77,34.87,46.58,56,0,1.54,TR,2020-04-19 01-08:24,clear sky,0.0,0.0
Tual,-5.67,132.75,84.07,75,96,6.89,ID,2020-04-19 01-08:24,moderate rain,3.84,0.0
Altus,34.64,-99.33,62.6,55,90,16.11,US,2020-04-19 01-08:25,overcast clouds,0.0,0.0
Bay Saint Louis,30.31,-89.33,71.6,94,75,4.7,US,2020-04-19 01-08:25,broken clouds,0.0,0.0
Tono,39.32,141.53,53.6,62,40,23.04,JP,2020-04-19 01-08:26,scattered clouds,0.0,0.0
Ylojarvi,61.56,23.6,36.0,69,20,6.93,FI,2020-04-19 01-08:26,few clouds,0.0,0.0
La Ronge,55.1,-105.28,32.0,82,75,11.41,CA,2020-04-19 01-03:18,broken clouds,0.0,0.0
Merritt,50.11,-120.79,64.4,39,75,2.24,CA,2020-04-19 01-08:27,broken clouds,0.0,0.0
Cap Malheureux,-19.98,57.61,75.0,85,23,5.99,MU,2020-04-19 01-03:52,light rain,0.0,0.0
Turka,49.15,23.03,39.0,45,32,1.88,UA,2020-04-19 01-08:28,scattered clouds,0.0,0.0
Teterow,53.78,12.57,39.2,78,40,6.93,DE,2020-04-19 01-08:29,scattered clouds,0.0,0.0
Pisco,-13.7,-76.22,69.8,77,22,18.34,PE,2020-04-19 01-03:15,few clouds,0.0,0.0
Chifeng,42.27,118.96,53.96,34,100,11.5,CN,2020-04-19 01-08:31,overcast clouds,0.0,0.0
Padang,-0.95,100.35,78.84,76,83,3.89,ID,2020-04-19 01-03:47,light rain,0.17,0.0
Montes Claros,-16.73,-43.86,68.27,71,58,8.39,BR,2020-04-19 01-08:32,broken clouds,0.0,0.0
Sobolevo,54.43,31.9,34.07,82,93,8.79,RU,2020-04-19 01-03:39,overcast clouds,0.0,0.0
Rosarito,32.33,-117.03,63.0,67,75,14.99,MX,2020-04-19 01-08:33,broken clouds,0.0,0.0
Kloulklubed,7.04,134.26,82.4,83,75,8.05,PW,2020-04-19 01-08:33,broken clouds,0.0,0.0
Kilosa,-6.83,36.98,69.21,78,97,3.38,TZ,2020-04-19 01-08:34,light rain,0.55,0.0
Marneuli,41.48,44.81,55.4,66,75,14.99,GE,2020-04-19 01-08:35,light intensity shower rain,0.0,0.0
Tiksi,71.69,128.87,10.22,85,67,3.76,RU,2020-04-19 01-03:10,broken clouds,0.0,0.0
Waingapu,-9.66,120.26,81.73,76,60,5.73,ID,2020-04-19 01-08:36,broken clouds,0.0,0.0
Yerbogachen,61.28,108.01,15.89,87,49,7.36,RU,2020-04-19 01-08:36,scattered clouds,0.0,0.0
Salihorsk,52.79,27.54,35.71,79,84,6.8,BY,2020-04-19 01-08:37,broken clouds,0.0,0.0
Abalak,58.13,68.59,40.39,81,89,6.69,RU,2020-04-19 01-08:37,overcast clouds,0.0,0.0
Lavrentiya,65.58,-171.0,20.61,96,100,10.11,RU,2020-04-19 01-04:01,light snow,0.0,0.62
Mangrol,21.12,70.12,79.25,66,30,10.92,IN,2020-04-19 01-08:38,scattered clouds,0.0,0.0
Haines Junction,60.75,-137.51,50.52,39,4,0.98,CA,2020-04-19 01-01:30,clear sky,0.0,0.0
Panaba,21.28,-88.27,90.28,42,31,10.71,MX,2020-04-19 01-08:39,scattered clouds,0.0,0.0
Kupang,-10.17,123.58,77.0,94,20,5.82,ID,2020-04-19 01-08:40,few clouds,0.0,0.0
Ellisras,-23.66,27.74,63.45,62,7,7.72,ZA,2020-04-19 01-08:40,clear sky,0.0,0.0
Manaure,11.78,-72.44,81.93,68,6,19.46,CO,2020-04-19 01-08:41,clear sky,0.0,0.0
Katsuura,35.13,140.3,66.0,50,15,21.14,JP,2020-04-19 01-04:47,few clouds,0.0,0.0
Puerto Baquerizo Moreno,-0.9,-89.6,78.57,83,23,10.78,EC,2020-04-19 01-08:42,light rain,0.12,0.0
Vikhorevka,56.12,101.16,24.8,38,0,8.95,RU,2020-04-19 01-08:42,clear sky,0.0,0.0
Moroni,-11.7,43.26,81.52,77,82,13.42,KM,2020-04-19 01-08:43,light rain,0.38,0.0
Chenghai,23.46,116.77,77.0,83,40,2.24,CN,2020-04-19 01-08:44,scattered clouds,0.0,0.0
Merta,26.65,74.03,76.89,37,89,4.97,IN,2020-04-19 01-08:44,overcast clouds,0.0,0.0
Odessa,46.48,30.73,44.6,52,23,4.47,UA,2020-04-19 01-08:45,few clouds,0.0,0.0
Poronaysk,49.22,143.12,33.4,90,89,6.69,RU,2020-04-19 01-08:45,overcast clouds,0.0,0.0
Liuzhou,24.31,109.39,75.6,83,100,6.04,CN,2020-04-19 01-08:46,light rain,0.22,0.0
Grindavik,63.84,-22.43,37.4,100,90,5.82,IS,2020-04-19 01-03:28,light rain,0.0,0.0
Namibe,-15.2,12.15,74.98,69,70,5.79,AO,2020-04-19 01-03:42,light rain,0.28,0.0
Port Blair,11.67,92.75,83.97,75,23,7.54,IN,2020-04-19 01-08:48,few clouds,0.0,0.0
Mantua,45.17,10.78,55.99,76,81,1.99,IT,2020-04-19 01-08:49,broken clouds,0.0,0.0
Burns Lake,54.23,-125.75,55.56,34,18,3.56,CA,2020-04-19 01-03:56,few clouds,0.0,0.0
Thunder Bay,48.4,-89.32,46.4,45,75,10.29,CA,2020-04-19 00-58:34,broken clouds,0.0,0.0
Vung Tau,10.35,107.08,82.22,77,100,14.92,VN,2020-04-19 01-08:51,overcast clouds,0.0,0.0
Mount Isa,-20.73,139.5,84.2,18,13,10.29,AU,2020-04-19 01-08:51,few clouds,0.0,0.0
Komsomolskiy,40.43,71.72,51.8,66,4,6.93,UZ,2020-04-19 01-08:52,clear sky,0.0,0.0
Namie,37.48,141.0,57.0,84,83,5.01,JP,2020-04-19 01-08:52,light rain,1.03,0.0
Chimbote,-9.09,-78.58,71.53,82,1,7.7,PE,2020-04-19 01-08:53,clear sky,0.0,0.0
Katobu,-4.94,122.53,81.81,80,85,2.55,ID,2020-04-19 01-08:53,light rain,1.09,0.0
Yanam,16.73,82.22,79.9,88,0,6.44,IN,2020-04-19 01-08:54,clear sky,0.0,0.0
Vaasa,63.1,21.62,33.8,80,0,5.82,FI,2020-04-19 01-08:55,clear sky,0.0,0.0
Saint-Augustin,51.23,-58.65,25.12,92,43,12.71,CA,2020-04-19 01-03:57,scattered clouds,0.0,0.0
Cabra,37.47,-4.44,61.0,87,38,4.7,ES,2020-04-19 01-08:56,light rain,0.77,0.0
Half Moon Bay,37.46,-122.43,64.0,71,90,6.93,US,2020-04-19 00-58:35,overcast clouds,0.0,0.0
San Vicente,-26.62,-54.13,60.35,61,0,2.33,AR,2020-04-19 01-08:57,clear sky,0.0,0.0
Caiaponia,-16.96,-51.81,67.89,80,100,4.36,BR,2020-04-19 01-08:57,moderate rain,3.77,0.0
Mbandaka,0.05,18.26,70.93,88,79,1.88,CD,2020-04-19 01-08:58,light rain,0.44,0.0
Mattru,7.62,-11.83,76.95,83,90,2.98,SL,2020-04-19 01-08:59,overcast clouds,0.0,0.0
Psebay,44.12,40.81,44.26,46,61,4.07,RU,2020-04-19 01-09:00,broken clouds,0.0,0.0
Pemangkat,1.17,108.97,76.89,83,100,7.11,ID,2020-04-19 01-09:00,overcast clouds,0.0,0.0
Atar,20.52,-13.05,70.0,24,0,10.51,MR,2020-04-19 01-03:40,clear sky,0.0,0.0
Gogrial,8.53,28.1,82.98,21,83,5.39,SS,2020-04-19 01-09:01,broken clouds,0.0,0.0
Turukhansk,65.82,87.98,38.75,77,100,16.84,RU,2020-04-19 01-09:02,overcast clouds,0.0,0.0
Karpathos,35.51,27.21,57.2,82,0,6.93,GR,2020-04-19 01-09:02,clear sky,0.0,0.0
Senanga,-16.12,23.27,67.84,57,95,4.18,ZM,2020-04-19 01-09:03,overcast clouds,0.0,0.0
Paita,-5.09,-81.11,75.9,68,4,11.45,PE,2020-04-19 01-04:18,clear sky,0.0,0.0
Bongandanga,1.5,21.05,68.9,87,36,2.01,CD,2020-04-19 01-09:04,scattered clouds,0.0,0.0
Villa Carlos Paz,-31.42,-64.5,69.01,59,0,12.75,AR,2020-04-19 01-09:05,clear sky,0.0,0.0
Honavar,14.28,74.45,80.51,85,77,1.74,IN,2020-04-19 01-09:05,broken clouds,0.0,0.0
Ust-Nera,64.57,143.2,0.82,76,91,6.4,RU,2020-04-19 01-09:06,overcast clouds,0.0,0.0
Qasigiannguit,68.82,-51.19,24.8,68,95,18.34,GL,2020-04-19 01-03:20,light snow,0.0,0.0
Ati,13.22,18.34,82.36,13,4,13.04,TD,2020-04-19 01-09:07,clear sky,0.0,0.0
Koumac,-20.57,164.28,81.23,63,48,4.05,NC,2020-04-19 01-09:07,scattered clouds,0.0,0.0
Synya,65.37,58.04,27.43,97,93,2.19,RU,2020-04-19 01-05:24,overcast clouds,0.0,0.0
Bilozerka,46.62,32.44,45.5,58,15,0.83,UA,2020-04-19 01-09:09,few clouds,0.0,0.0
Praya,14.92,-23.51,71.6,60,40,17.22,CV,2020-04-19 01-04:19,scattered clouds,0.0,0.0
Tambura,5.6,27.47,72.93,68,92,3.89,SS,2020-04-19 01-09:10,overcast clouds,0.0,0.0
Beyneu,45.32,55.2,60.85,33,94,12.77,KZ,2020-04-19 01-09:12,overcast clouds,0.0,0.0
Tezu,27.92,96.17,68.9,69,78,1.88,IN,2020-04-19 01-09:13,light rain,0.6,0.0
Mildura,-34.2,142.15,64.99,55,74,4.7,AU,2020-04-19 01-03:59,broken clouds,0.0,0.0
Touros,-5.2,-35.46,78.8,94,75,2.24,BR,2020-04-19 01-01:23,broken clouds,0.0,0.0
Marsh Harbour,26.54,-77.06,80.49,76,44,9.93,BS,2020-04-19 01-05:07,light rain,1.02,0.0
Fairlie,55.76,-4.86,39.0,85,5,3.0,GB,2020-04-19 01-09:15,clear sky,0.0,0.0
Porto Santo,33.07,-16.34,60.8,77,20,9.17,PT,2020-04-19 01-04:17,few clouds,0.0,0.0
Alofi,-19.06,-169.92,84.2,70,51,16.11,NU,2020-04-19 01-01:04,light rain,0.25,0.0
Aranos,-24.13,19.12,73.9,32,60,15.3,NA,2020-04-19 01-09:17,broken clouds,0.0,0.0
Savannah Bight,16.45,-85.85,81.63,80,0,24.79,HN,2020-04-19 01-09:17,clear sky,0.0,0.0
Preobrazheniye,42.9,133.91,48.15,50,3,6.96,RU,2020-04-19 01-09:19,clear sky,0.0,0.0
Suntar,62.14,117.63,15.94,90,95,6.46,RU,2020-04-19 01-09:19,overcast clouds,0.0,0.0
Ancud,-41.87,-73.82,53.6,87,20,6.93,CL,2020-04-19 01-00:46,few clouds,0.0,0.0
Mwene-Ditu,-7.0,23.45,67.06,77,100,3.96,CD,2020-04-19 01-09:20,moderate rain,4.38,0.0
Griffith,41.53,-87.42,52.0,50,1,20.8,US,2020-04-19 01-05:13,clear sky,0.0,0.0
Sioux Lookout,50.1,-91.92,33.8,83,90,13.87,CA,2020-04-19 01-09:21,overcast clouds,0.0,0.0
Hay River,60.82,-115.8,48.2,39,75,11.41,CA,2020-04-19 01-03:32,broken clouds,0.0,0.0
Kattivakkam,13.22,80.32,84.0,88,40,3.36,IN,2020-04-19 01-04:06,scattered clouds,0.0,0.0
Salalah,17.02,54.09,80.6,74,40,4.7,OM,2020-04-19 01-09:23,scattered clouds,0.0,0.0
Manggar,-2.88,108.27,82.06,77,100,1.3,ID,2020-04-19 01-09:23,overcast clouds,0.0,0.0
Egvekinot,66.32,-179.17,8.58,89,100,20.69,RU,2020-04-19 01-03:41,light snow,0.0,0.57
Caravelas,-17.71,-39.25,76.51,78,93,17.25,BR,2020-04-19 01-03:49,overcast clouds,0.0,0.0
Loves Park,42.32,-89.06,57.2,44,1,20.8,US,2020-04-19 01-09:29,clear sky,0.0,0.0
San Cristobal,7.77,-72.22,70.14,59,70,1.39,VE,2020-04-19 01-03:20,light rain,1.12,0.0
Cedar City,37.68,-113.06,48.2,70,90,8.05,US,2020-04-19 01-07:07,moderate rain,0.0,0.0
Kalabo,-14.97,22.68,67.77,56,92,5.86,ZM,2020-04-19 01-04:08,overcast clouds,0.0,0.0
Kruisfontein,-34.0,24.73,65.44,34,0,6.76,ZA,2020-04-19 01-00:40,clear sky,0.0,0.0
Ashland,40.82,-82.27,48.2,49,75,10.29,US,2020-04-19 01-09:34,broken clouds,0.0,0.0
Sao Francisco,-15.95,-44.86,70.48,80,48,4.52,BR,2020-04-19 01-09:34,light rain,0.87,0.0
Bairiki,1.33,172.98,86.0,79,40,6.93,KI,2020-04-19 01-09:34,scattered clouds,0.0,0.0
Walvis Bay,-22.96,14.51,55.99,93,0,2.24,NA,2020-04-19 01-00:08,clear sky,0.0,0.0
Gladstone,-23.85,151.25,78.8,74,75,4.7,AU,2020-04-19 01-09:35,broken clouds,0.0,0.0
Guerrero Negro,27.98,-114.06,63.99,61,0,21.45,MX,2020-04-19 01-01:09,clear sky,0.0,0.0
Nador,35.17,-2.93,62.6,93,75,2.24,MA,2020-04-19 01-09:36,broken clouds,0.0,0.0
Dukat,62.55,155.55,-1.03,81,100,7.0,RU,2020-04-19 01-09:37,light snow,0.0,0.44
Chapais,49.78,-74.85,37.4,44,90,8.05,CA,2020-04-19 01-09:37,overcast clouds,0.0,0.0
Jacareacanga,-6.22,-57.75,74.01,92,49,0.6,BR,2020-04-19 01-09:38,light rain,1.51,0.0
Urusha,54.05,122.9,21.45,88,100,12.39,RU,2020-04-19 01-09:38,light snow,0.0,0.33
Husavik,66.04,-17.34,37.4,86,90,11.41,IS,2020-04-19 01-03:34,overcast clouds,0.0,0.0
Porto Novo,6.5,2.6,82.4,94,40,9.17,BJ,2020-04-19 01-05:29,scattered clouds,0.0,0.0
Semnan,35.57,53.4,59.09,35,100,1.12,IR,2020-04-19 01-09:39,overcast clouds,0.0,0.0
Buenos Aires,-34.61,-58.38,69.01,82,0,5.82,AR,2020-04-19 01-08:27,clear sky,0.0,0.0
Narsaq,60.92,-46.05,28.4,46,93,12.75,GL,2020-04-19 01-03:05,light snow,0.0,0.35
Manakara,-22.13,48.02,73.24,86,5,3.02,MG,2020-04-19 01-09:41,light rain,0.54,0.0
Itarema,-2.92,-39.92,77.56,83,31,1.52,BR,2020-04-19 01-03:42,scattered clouds,0.0,0.0
Hobyo,5.35,48.53,83.7,74,89,10.13,SO,2020-04-19 01-09:42,light rain,1.56,0.0
Ixtapa,20.7,-105.2,75.2,78,90,9.17,MX,2020-04-19 01-09:42,overcast clouds,0.0,0.0
Esperance,-33.87,121.9,60.8,87,100,17.22,AU,2020-04-19 01-03:33,overcast clouds,0.0,0.0
Tecoanapa,16.52,-98.75,84.13,64,54,8.14,MX,2020-04-19 01-09:43,broken clouds,0.0,0.0
Okhotsk,59.38,143.3,14.97,84,2,13.13,RU,2020-04-19 01-09:44,clear sky,0.0,0.0
Luderitz,-26.65,15.16,59.0,93,3,6.93,NA,2020-04-19 01-03:20,clear sky,0.0,0.0
Yaan,7.38,8.57,81.7,68,79,11.07,NG,2020-04-19 01-09:45,broken clouds,0.0,0.0
East Millcreek,40.7,-111.81,62.6,38,1,8.05,US,2020-04-19 01-09:46,clear sky,0.0,0.0
Orocue,4.79,-71.34,80.49,67,36,7.58,CO,2020-04-19 01-09:46,light rain,0.45,0.0
Caibarien,22.52,-79.47,82.4,69,40,9.17,CU,2020-04-19 01-09:47,scattered clouds,0.0,0.0
Monrovia,6.3,-10.8,78.8,94,75,8.52,LR,2020-04-19 01-09:47,broken clouds,0.0,0.0
San Ramon,37.78,-121.98,64.99,52,1,11.41,US,2020-04-19 01-06:56,clear sky,0.0,0.0
Miragoane,18.44,-73.09,80.46,75,22,3.98,HT,2020-04-19 01-09:48,light rain,0.9,0.0
Ozernovskiy,51.5,156.52,33.6,93,44,10.29,RU,2020-04-19 01-09:49,scattered clouds,0.0,0.0
Togur,58.36,82.83,38.08,78,82,9.75,RU,2020-04-19 01-09:49,broken clouds,0.0,0.0
Inhambane,-23.86,35.38,74.21,78,35,13.18,MZ,2020-04-19 01-01:08,scattered clouds,0.0,0.0
Zarinsk,53.71,84.95,37.17,74,0,6.04,RU,2020-04-19 01-09:50,clear sky,0.0,0.0
Praia Da Vitoria,38.73,-27.07,62.6,88,40,21.39,PT,2020-04-19 01-03:33,scattered clouds,0.0,0.0
Berlevag,70.86,29.09,34.47,87,70,10.25,NO,2020-04-19 01-02:45,broken clouds,0.0,0.0
Aksay,47.26,39.87,37.4,47,100,2.24,RU,2020-04-19 01-09:52,overcast clouds,0.0,0.0
Boone,39.03,-92.33,61.0,37,23,8.48,US,2020-04-19 01-09:52,few clouds,0.0,0.0
Rockland,41.17,-74.05,42.01,72,65,9.62,US,2020-04-19 01-09:53,light rain,0.14,0.0
Antofagasta,-23.65,-70.4,62.6,82,20,8.05,CL,2020-04-19 01-03:30,few clouds,0.0,0.0
Lorengau,-2.02,147.27,84.88,69,11,3.4,PG,2020-04-19 01-01:07,few clouds,0.0,0.0
Santiago De Cao,-7.96,-79.24,72.93,79,18,7.76,PE,2020-04-19 01-04:16,few clouds,0.0,0.0
Arraial Do Cabo,-22.97,-42.03,74.16,71,97,8.01,BR,2020-04-19 01-02:29,overcast clouds,0.0,0.0
Sibolga,1.74,98.78,77.61,79,79,3.76,ID,2020-04-19 01-09:55,light rain,1.01,0.0
Souillac,-20.52,57.52,75.0,85,25,5.99,MU,2020-04-19 00-59:37,scattered clouds,0.0,0.0
Winnemucca,40.97,-117.74,66.2,13,75,8.05,US,2020-04-19 01-07:03,broken clouds,0.0,0.0
Arvika,59.66,12.59,37.0,74,0,8.05,SE,2020-04-19 01-08:02,clear sky,0.0,0.0
Gat,31.61,34.76,61.0,20,0,5.46,IL,2020-04-19 01-09:50,clear sky,0.0,0.0
Tuatapere,-46.13,167.68,55.99,64,54,10.0,NZ,2020-04-19 01-03:33,light rain,0.52,0.0
Almaznyy,48.04,40.05,37.4,47,90,2.24,RU,2020-04-19 01-09:58,overcast clouds,0.0,0.0
Porto Walter,-8.27,-72.74,71.67,67,19,1.66,BR,2020-04-19 01-09:58,few clouds,0.0,0.0
Pachino,36.72,15.09,57.99,93,80,3.36,IT,2020-04-19 01-09:59,mist,0.0,0.0
Bud,39.45,-86.18,50.0,67,1,8.05,US,2020-04-19 01-03:23,clear sky,0.0,0.0
Usinsk,65.99,57.53,29.62,98,99,3.74,RU,2020-04-19 01-09:59,overcast clouds,0.0,0.0
Isabela,6.71,121.97,87.8,66,40,6.93,PH,2020-04-19 01-10:00,scattered clouds,0.0,0.0
Kieta,-6.22,155.63,85.6,64,65,0.92,PG,2020-04-19 01-03:54,broken clouds,0.0,0.0
Pucallpa,-8.38,-74.55,71.92,63,36,0.51,PE,2020-04-19 01-07:48,scattered clouds,0.0,0.0
Piacabucu,-10.41,-36.43,78.94,83,93,4.47,BR,2020-04-19 01-10:01,light rain,1.84,0.0
Tymovskoye,50.85,142.66,35.35,80,97,4.14,RU,2020-04-19 01-10:01,overcast clouds,0.0,0.0
Iwanuma,38.1,140.86,52.0,66,75,21.92,JP,2020-04-19 01-10:02,broken clouds,0.0,0.0
Ubatuba,-23.43,-45.07,70.95,79,89,2.73,BR,2020-04-19 01-10:02,light rain,1.33,0.0
Russell,32.35,-85.2,75.2,52,1,4.7,US,2020-04-19 01-10:03,clear sky,0.0,0.0
Zhezkazgan,47.8,67.71,52.36,49,61,7.07,KZ,2020-04-19 01-00:45,broken clouds,0.0,0.0
Balakirevo,56.51,38.84,31.42,91,86,4.5,RU,2020-04-19 01-10:04,overcast clouds,0.0,0.0
Lensk,60.73,114.93,17.06,89,94,6.73,RU,2020-04-19 01-10:04,light snow,0.0,0.12
Meiganga,6.52,14.3,70.57,60,41,2.44,CM,2020-04-19 01-10:04,scattered clouds,0.0,0.0
Noshiro,40.2,140.02,59.0,70,75,14.99,JP,2020-04-19 01-10:05,broken clouds,0.0,0.0
Exeter,50.72,-3.53,51.01,94,79,6.67,GB,2020-04-19 01-10:06,broken clouds,0.0,0.0
Itoman,26.12,127.67,77.0,78,75,14.99,JP,2020-04-19 01-03:36,broken clouds,0.0,0.0
Kiama,-34.68,150.87,68.0,56,40,3.36,AU,2020-04-19 01-09:40,scattered clouds,0.0,0.0
Valle Hermoso,25.67,-97.83,84.2,74,40,13.87,MX,2020-04-19 01-10:07,haze,0.0,0.0
Venancio Aires,-29.61,-52.19,61.0,90,0,2.44,BR,2020-04-19 01-10:07,clear sky,0.0,0.0
Le Port,-20.94,55.29,75.2,83,75,14.99,RE,2020-04-19 01-10:08,light intensity drizzle rain,0.0,0.0
Wang Noi,14.23,100.72,86.0,78,87,5.39,TH,2020-04-19 01-10:08,overcast clouds,0.0,0.0
Naze,28.37,129.48,73.4,88,75,11.41,JP,2020-04-19 01-10:09,broken clouds,0.0,0.0
Dakar,14.69,-17.44,68.0,82,23,16.11,SN,2020-04-19 01-03:38,few clouds,0.0,0.0
Caramay,10.18,119.24,85.66,69,23,9.71,PH,2020-04-19 01-10:10,light rain,1.0,0.0
Lasa,46.62,10.7,50.0,71,5,6.93,IT,2020-04-19 01-03:55,clear sky,0.0,0.0
Hedaru,-4.5,37.9,68.65,76,100,5.19,TZ,2020-04-19 01-10:11,light rain,0.23,0.0
Tigil,57.8,158.67,26.64,93,96,16.96,RU,2020-04-19 01-10:11,overcast clouds,0.0,0.0
Sorland,67.67,12.69,40.78,92,100,10.6,NO,2020-04-19 01-04:03,light rain,0.11,0.0
Gaya,24.78,85.0,75.2,57,40,4.7,IN,2020-04-19 01-10:12,thunderstorm,0.0,0.0
Presidencia Roque Saenz Pena,-26.79,-60.44,66.11,57,0,4.12,AR,2020-04-19 01-10:12,clear sky,0.0,0.0
Shuyskoye,59.37,41.03,31.24,96,80,2.57,RU,2020-04-19 01-10:13,broken clouds,0.0,0.0
Springbok,-29.66,17.89,52.72,48,59,1.79,ZA,2020-04-19 01-10:13,broken clouds,0.0,0.0
Sisimiut,66.94,-53.67,20.35,91,97,6.67,GL,2020-04-19 01-04:13,light snow,0.0,0.31
Jining,35.41,116.58,50.9,86,100,3.53,CN,2020-04-19 01-10:14,light rain,0.78,0.0
Shache,38.42,77.24,53.15,45,94,9.08,CN,2020-04-19 01-10:15,overcast clouds,0.0,0.0
Vardo,70.37,31.11,36.88,81,98,18.16,NO,2020-04-19 01-03:19,overcast clouds,0.0,0.0
Tomigusuku,26.18,127.67,77.0,78,75,14.99,JP,2020-04-19 01-10:15,broken clouds,0.0,0.0
Pangai,-19.8,-174.35,84.2,74,20,14.99,TO,2020-04-19 01-10:16,few clouds,0.0,0.0
Muli,2.92,73.57,84.06,78,74,13.49,MV,2020-04-19 01-04:00,light rain,1.19,0.0
Kamenka,51.32,42.77,35.01,83,0,3.0,RU,2020-04-19 00-58:56,clear sky,0.0,0.0
Puerto Del Rosario,28.5,-13.86,64.4,77,1,10.29,ES,2020-04-19 01-01:23,clear sky,0.0,0.0
Vila Velha,-20.33,-40.29,75.2,78,75,11.41,BR,2020-04-19 01-04:02,broken clouds,0.0,0.0
Tutoia,-2.76,-42.27,78.96,83,100,4.54,BR,2020-04-19 01-10:18,overcast clouds,0.0,0.0
Oussouye,12.48,-16.55,77.0,73,79,11.41,SN,2020-04-19 01-10:20,broken clouds,0.0,0.0
Masallatah,32.62,14.0,64.24,49,18,12.08,LY,2020-04-19 01-10:21,few clouds,0.0,0.0
Timmins,48.47,-81.33,44.6,52,90,17.22,CA,2020-04-19 01-09:52,light rain,0.0,0.0
Solwezi,-12.17,26.39,60.37,65,26,5.3,ZM,2020-04-19 01-10:21,scattered clouds,0.0,0.0
Paramonga,-10.67,-77.83,72.64,75,48,9.89,PE,2020-04-19 01-10:22,scattered clouds,0.0,0.0
Evensk,61.95,159.23,18.86,88,100,11.7,RU,2020-04-19 01-04:08,overcast clouds,0.0,0.0
Moron,-34.65,-58.62,69.01,82,0,9.48,AR,2020-04-19 01-07:32,clear sky,0.0,0.0
Alzamay,55.56,98.66,29.26,87,8,4.05,RU,2020-04-19 01-10:23,clear sky,0.0,0.0
Touba,8.28,-7.68,75.96,72,99,7.23,CI,2020-04-19 01-10:24,light rain,0.16,0.0
Peachland,49.77,-119.74,57.99,48,78,5.39,CA,2020-04-19 01-10:25,light rain,0.39,0.0
Alpena,45.06,-83.43,53.6,34,1,16.11,US,2020-04-19 01-10:25,clear sky,0.0,0.0
Ananas,19.25,-71.96,74.59,71,83,2.13,HT,2020-04-19 01-10:26,light rain,0.94,0.0
Yuxia,34.06,108.63,50.0,93,1,2.24,CN,2020-04-19 01-10:26,mist,0.0,0.0
Ayolas,-27.4,-56.9,64.74,60,0,4.52,PY,2020-04-19 01-10:27,clear sky,0.0,0.0
Puerto Colombia,10.99,-74.95,80.6,83,40,9.17,CO,2020-04-19 01-05:57,scattered clouds,0.0,0.0
Yangambi,0.81,24.43,71.1,85,87,1.97,CD,2020-04-19 01-10:27,light rain,0.7,0.0
Grand-Bourg,15.88,-61.31,78.8,74,6,5.82,GP,2020-04-19 01-10:28,light rain,0.37,0.0
Aleksandrov Gay,50.15,48.57,40.26,80,17,5.32,RU,2020-04-19 01-10:28,few clouds,0.0,0.0
Santa Rosa,14.31,121.11,89.01,70,40,6.93,PH,2020-04-19 01-02:35,scattered clouds,0.0,0.0
Filingue,14.35,3.32,85.78,12,0,8.03,NE,2020-04-19 01-03:36,clear sky,0.0,0.0
Micheldorf,46.92,14.44,60.8,63,20,4.7,AT,2020-04-19 01-10:29,few clouds,0.0,0.0
Sinnamary,5.38,-52.95,80.01,84,67,10.65,GF,2020-04-19 01-04:14,broken clouds,0.0,0.0
Ballina,-28.87,153.57,73.4,78,18,10.29,AU,2020-04-19 01-09:12,few clouds,0.0,0.0
Shu,43.6,73.76,49.19,41,0,4.9,KZ,2020-04-19 01-10:31,clear sky,0.0,0.0
Saldanha,-33.01,17.94,64.4,55,100,6.93,ZA,2020-04-19 01-09:49,overcast clouds,0.0,0.0
Srednekolymsk,67.45,153.68,2.01,89,82,11.39,RU,2020-04-19 01-10:32,broken clouds,0.0,0.0
Putina,-15.47,-69.43,42.01,26,17,7.72,PE,2020-04-19 01-10:32,few clouds,0.0,0.0
Hanko,59.83,22.95,37.99,60,2,1.01,FI,2020-04-19 01-10:33,clear sky,0.0,0.0
Upata,8.01,-62.4,81.45,45,80,8.61,VE,2020-04-19 01-10:33,broken clouds,0.0,0.0
Wajir,1.75,40.06,79.86,70,100,15.88,KE,2020-04-19 01-10:33,moderate rain,3.68,0.0
Isangel,-19.55,169.27,82.4,78,75,11.41,VU,2020-04-19 01-03:21,broken clouds,0.0,0.0
Chute-Aux-Outardes,49.12,-68.4,35.6,74,1,8.05,CA,2020-04-19 01-10:34,clear sky,0.0,0.0
Muyezerskiy,63.93,31.65,30.96,93,98,8.61,RU,2020-04-19 01-10:35,light snow,0.0,0.42
Muravlenko,63.79,74.52,39.58,90,100,16.11,RU,2020-04-19 01-02:23,overcast clouds,0.0,0.0
Vestmannaeyjar,63.44,-20.27,45.54,92,100,16.24,IS,2020-04-19 01-09:31,light rain,1.97,0.0
Muros,42.78,-9.06,51.01,94,16,2.33,ES,2020-04-19 01-09:48,few clouds,0.0,0.0
Aklavik,68.22,-135.01,24.8,62,90,12.75,CA,2020-04-19 01-00:40,light snow,0.0,0.0
Lianyuan,27.69,111.66,57.85,81,94,6.02,CN,2020-04-19 01-06:05,overcast clouds,0.0,0.0
Bay Roberts,47.6,-53.26,30.99,72,11,6.96,CA,2020-04-19 01-10:38,few clouds,0.0,0.0
Boden,65.83,21.69,32.0,95,33,2.24,SE,2020-04-19 01-10:38,scattered clouds,0.0,0.0
Lappeenranta,61.06,28.19,35.6,80,75,9.17,FI,2020-04-19 01-10:38,broken clouds,0.0,0.0
Fare,-16.7,-151.02,83.48,75,37,11.25,PF,2020-04-19 01-03:54,light rain,2.9,0.0
Varhaug,58.61,5.65,37.4,86,0,1.12,NO,2020-04-19 01-09:49,clear sky,0.0,0.0
Laguna,38.42,-121.42,68.0,48,1,12.75,US,2020-04-19 01-00:15,clear sky,0.0,0.0
Saint-Pierre,-21.34,55.48,77.0,83,13,18.34,RE,2020-04-19 01-10:40,light rain,0.14,0.0
Concepcion Del Uruguay,-32.48,-58.24,66.99,65,0,3.0,AR,2020-04-19 01-10:40,clear sky,0.0,0.0
Honningsvag,70.98,25.97,39.79,92,99,15.7,NO,2020-04-19 01-10:41,light rain,0.21,0.0
Aksarka,66.56,67.8,32.13,97,100,5.88,RU,2020-04-19 01-00:06,light rain,0.44,0.0
Najran,17.49,44.13,75.2,44,75,4.7,SA,2020-04-19 01-10:42,broken clouds,0.0,0.0
Honiara,-9.43,159.95,87.8,66,40,2.24,SB,2020-04-19 01-10:42,shower rain,0.0,0.0
Nuuk,64.18,-51.72,24.8,100,100,21.92,GL,2020-04-19 01-10:42,heavy snow,0.0,0.0
Stargard Szczecinski,53.34,15.05,42.8,48,49,6.93,PL,2020-04-19 01-10:43,scattered clouds,0.0,0.0
Wamba,8.93,8.6,79.75,58,65,2.44,NG,2020-04-19 01-10:43,light rain,0.17,0.0
Margate,51.38,1.39,48.0,71,1,5.01,GB,2020-04-19 01-10:44,clear sky,0.0,0.0
Abu Samrah,35.3,37.18,62.44,53,7,3.58,SY,2020-04-19 01-10:44,clear sky,0.0,0.0
El Alto,-4.27,-81.21,73.53,71,28,6.98,PE,2020-04-19 01-10:45,scattered clouds,0.0,0.0
Knysna,-34.04,23.05,80.6,21,0,12.75,ZA,2020-04-19 01-10:45,clear sky,0.0,0.0
Swift Current,50.28,-107.8,37.4,51,75,12.75,CA,2020-04-19 01-10:45,broken clouds,0.0,0.0
Malpe,13.35,74.72,80.6,78,20,4.7,IN,2020-04-19 01-10:46,few clouds,0.0,0.0
Novobureyskiy,49.8,129.88,57.7,33,100,19.71,RU,2020-04-19 01-10:46,overcast clouds,0.0,0.0
Shahrud,36.42,54.98,54.1,41,75,0.83,IR,2020-04-19 01-10:47,broken clouds,0.0,0.0
Hailar,49.2,119.7,31.86,65,100,13.69,CN,2020-04-19 01-10:47,overcast clouds,0.0,0.0
Worland,44.02,-107.96,59.0,19,20,3.36,US,2020-04-19 01-10:48,few clouds,0.0,0.0
Tahta,26.77,31.5,66.2,52,0,5.82,EG,2020-04-19 01-10:48,clear sky,0.0,0.0
Livny,52.43,37.61,34.54,82,35,6.71,RU,2020-04-19 01-10:49,scattered clouds,0.0,0.0
Banda Aceh,5.56,95.32,79.81,79,80,3.91,ID,2020-04-19 01-10:49,broken clouds,0.0,0.0
Doha,25.29,51.53,75.99,78,71,4.7,QA,2020-04-19 01-10:50,broken clouds,0.0,0.0
Skibbereen,51.55,-9.27,46.4,100,90,13.87,IE,2020-04-19 01-03:22,light intensity drizzle rain,0.0,0.0
Elk Plain,47.05,-122.4,57.2,82,90,3.36,US,2020-04-19 01-10:50,overcast clouds,0.0,0.0
Namtsy,62.72,129.67,14.0,40,1,8.95,RU,2020-04-19 01-10:51,clear sky,0.0,0.0
Mandalgovi,45.76,106.27,29.98,50,55,27.81,MN,2020-04-19 01-10:52,broken clouds,0.0,0.0
Bereda,43.27,-7.54,44.98,85,67,0.6,ES,2020-04-19 01-10:52,broken clouds,0.0,0.0
Cedartown,34.05,-85.25,57.0,60,15,2.3,US,2020-04-19 01-10:53,few clouds,0.0,0.0
Pringsewu,-5.36,104.97,76.28,85,96,1.43,ID,2020-04-19 01-10:54,overcast clouds,0.0,0.0
Dalianwan,39.03,121.69,53.6,71,100,6.71,CN,2020-04-19 01-10:54,mist,0.0,0.0
Pangnirtung,66.15,-65.71,4.26,86,99,4.23,CA,2020-04-19 01-02:26,overcast clouds,0.0,0.0
Aswan,24.09,32.91,67.26,29,3,8.12,EG,2020-04-19 01-03:34,clear sky,0.0,0.0
Asau,46.43,26.4,43.0,59,35,1.12,RO,2020-04-19 01-04:13,scattered clouds,0.0,0.0
Yenagoa,4.92,6.26,77.95,91,93,3.29,NG,2020-04-19 01-10:57,light rain,0.28,0.0
Svetlaya,46.54,138.33,39.83,72,1,8.32,RU,2020-04-19 01-10:57,clear sky,0.0,0.0
Nieuw Nickerie,5.95,-56.98,80.62,82,71,12.55,SR,2020-04-19 01-10:59,broken clouds,0.0,0.0
Mana,5.66,-53.78,78.55,87,80,7.87,GF,2020-04-19 01-10:59,light rain,0.32,0.0
Isla Vista,34.41,-119.86,62.01,67,90,10.29,US,2020-04-19 01-08:42,overcast clouds,0.0,0.0
Ingham,42.6,-84.38,48.2,45,1,8.05,US,2020-04-19 01-11:01,clear sky,0.0,0.0
Matias Barbosa,-21.87,-43.32,62.67,82,98,3.29,BR,2020-04-19 01-11:03,light rain,0.11,0.0
Berea,41.37,-81.85,46.99,64,24,8.46,US,2020-04-19 01-09:28,few clouds,0.0,0.0
Tondela,40.52,-8.08,48.99,1,13,1.99,PT,2020-04-19 01-11:04,few clouds,0.0,0.0
Ust-Omchug,61.15,149.63,-1.8,78,96,11.7,RU,2020-04-19 01-11:05,overcast clouds,0.0,0.0
Ofunato,39.07,141.72,53.6,62,40,23.04,JP,2020-04-19 01-11:06,scattered clouds,0.0,0.0
San Rafael,-34.62,-68.33,72.88,34,73,13.78,AR,2020-04-19 01-10:58,broken clouds,0.0,0.0
Princeton,25.54,-80.41,80.6,83,1,4.7,US,2020-04-19 01-11:07,clear sky,0.0,0.0
